"CORD_ID","DIRECTION","KNOT_VALUE_DECIMAL","CLUSTER_ID","KNOT_ID","KNOT_ORDINAL","CLUSTER_ORDINAL","NUM_TURNS"
3000003,"Z",10,1000000,1000000,1,1,0
3000003,"Z",8,1000001,1000001,2,1,8
3000004,"S",1,1000002,1000002,1,1,0
3000006,"Z",10,1000003,1000003,1,1,0
3000007,"Z",1,1000004,1000004,1,1,0
3000009,"Z",10,1000005,1000005,1,1,0
3000009,"Z",10,1000005,1000006,2,2,0
3000009,"Z",8,1000006,1000007,3,1,8
3000010,"Z",10,1000007,1000008,1,1,0
3000014,"Z",9,1000008,1000009,1,1,9
3000016,"Z",2,1000009,1000010,1,1,2
3000017,"Z",3,1000010,1000011,1,1,3
3000018,"Z",8,1000011,1000012,1,1,8
3000019,"Z",100,1000012,1000013,1,1,0
3000019,"Z",100,1000012,1000014,2,2,0
3000020,"Z",10,1000013,1000015,1,1,0
3000020,"Z",10,1000013,1000016,2,2,0
3000020,"Z",10,1000013,1000017,3,3,0
3000020,"Z",10,1000013,1000018,4,4,0
3000020,"Z",10,1000013,1000019,5,5,0
3000020,"Z",10,1000013,1000020,6,6,0
3000020,"Z",10,1000013,1000021,7,7,0
3000020,"Z",10,1000013,1000022,8,8,0
3000020,"Z",10,1000013,1000023,9,9,0
3000020,"Z",9,1000014,1000024,10,1,9
3000021,"Z",100,1000015,1000025,1,1,0
3000021,"Z",10,1000016,1000026,2,1,0
3000021,"Z",10,1000016,1000027,3,2,0
3000022,"Z",10,1000017,1000028,1,1,0
3000023,"Z",10,1000018,1000029,1,1,0
3000023,"Z",10,1000018,1000030,2,2,0
3000023,"Z",10,1000018,1000031,3,3,0
3000023,"Z",10,1000018,1000032,4,4,0
3000023,"Z",10,1000018,1000033,5,5,0
3000023,"Z",10,1000018,1000034,6,6,0
3000023,"Z",8,1000019,1000035,7,1,8
3000024,"Z",5,1000020,1000036,1,1,5
3000025,"Z",100,1000021,1000037,1,1,0
3000025,"Z",100,1000021,1000038,2,2,0
3000025,"Z",10,1000022,1000039,3,1,0
3000025,"Z",10,1000022,1000040,4,2,0
3000025,"Z",2,1000023,1000041,5,1,2
3000026,"Z",10,1000024,1000042,1,1,0
3000026,"Z",10,1000024,1000043,2,2,0
3000026,"Z",10,1000024,1000044,3,3,0
3000026,"Z",10,1000024,1000045,4,4,0
3000027,"Z",100,1000026,1000046,1,1,0
3000027,"Z",100,1000026,1000047,2,2,0
3000027,"Z",100,1000026,1000048,3,3,0
3000027,"Z",100,1000026,1000049,4,4,0
3000027,"Z",5,1000027,1000050,5,1,5
3000028,"Z",1000,1000028,1000051,1,1,0
3000028,"Z",100,1000029,1000052,2,1,0
3000028,"Z",100,1000029,1000053,3,2,0
3000028,"Z",100,1000029,1000054,4,3,0
3000028,"Z",100,1000029,1000055,5,4,0
3000028,"Z",100,1000029,1000056,6,5,0
3000028,"Z",10,1000030,1000057,7,1,0
3000028,"Z",10,1000030,1000058,8,2,0
3000028,"Z",10,1000030,1000059,9,3,0
3000028,"Z",10,1000030,1000060,10,4,0
3000028,"Z",3,1000031,1000061,11,1,3
3000029,"Z",1000,1000032,1000062,1,1,0
3000029,"Z",1000,1000032,1000063,2,2,0
3000029,"Z",1000,1000032,1000064,3,3,0
3000029,"Z",1000,1000032,1000065,4,4,0
3000029,"Z",1000,1000032,1000066,5,5,0
3000029,"Z",4,1000033,1000067,6,1,4
3000030,"Z",1000,1000034,1000068,1,1,0
3000030,"Z",1000,1000034,1000069,2,2,0
3000030,"Z",100,1000035,1000070,3,1,0
3000030,"Z",100,1000035,1000071,4,2,0
3000030,"Z",100,1000035,1000072,5,3,0
3000030,"Z",100,1000035,1000073,6,4,0
3000030,"Z",100,1000035,1000074,7,5,0
3000030,"Z",100,1000035,1000075,8,6,0
3000030,"Z",100,1000035,1000076,9,7,0
3000030,"Z",8,1000036,1000077,10,1,8
3000031,"Z",100,1000037,1000078,1,1,0
3000031,"Z",100,1000037,1000079,2,2,0
3000031,"Z",100,1000037,1000080,3,3,0
3000031,"Z",100,1000037,1000081,4,4,0
3000031,"Z",4,1000038,1000082,5,1,4
3000032,"Z",1000,1000039,1000083,1,1,0
3000032,"Z",4,1000040,1000084,2,1,4
3000034,"Z",100,1000041,1000085,1,1,0
3000034,"Z",100,1000041,1000086,2,2,0
3000034,"Z",100,1000041,1000087,3,3,0
3000034,"Z",100,1000041,1000088,4,4,0
3000034,"Z",100,1000041,1000089,5,5,0
3000034,"Z",100,1000041,1000090,6,6,0
3000034,"Z",100,1000041,1000091,7,7,0
3000034,"Z",100,1000041,1000092,8,8,0
3000034,"Z",4,1000042,1000093,9,1,4
3000035,"Z",1000,1000043,1000094,1,1,0
3000035,"Z",6,1000044,1000095,2,1,6
3000036,"Z",100,1000045,1000096,1,1,0
3000036,"Z",100,1000045,1000097,2,2,0
3000036,"Z",100,1000045,1000098,3,3,0
3000036,"Z",100,1000045,1000099,4,4,0
3000036,"Z",100,1000045,1000100,5,5,0
3000036,"Z",100,1000045,1000101,6,6,0
3000036,"Z",100,1000045,1000102,7,7,0
3000036,"Z",100,1000045,1000103,8,8,0
3000036,"Z",6,1000046,1000104,9,1,6
3000038,"Z",100,1000047,1000105,1,1,0
3000038,"Z",6,1000048,1000106,2,1,6
3000039,"Z",100,1000049,1000107,1,1,0
3000039,"Z",7,1000050,1000108,2,1,7
3000040,"Z",100,1000051,1000109,1,1,0
3000041,"Z",100,1000052,1000110,1,1,0
3000041,"Z",100,1000052,1000111,2,2,0
3000041,"Z",100,1000052,1000112,3,3,0
3000041,"Z",4,1000053,1000113,4,1,4
3000042,"Z",1000,1000054,1000114,1,1,0
3000042,"Z",1000,1000054,1000115,2,2,0
3000042,"Z",1000,1000054,1000116,3,3,0
3000042,"Z",1000,1000054,1000117,4,4,0
3000042,"Z",100,1000055,1000118,5,1,0
3000042,"Z",100,1000055,1000119,6,2,0
3000042,"Z",100,1000055,1000120,7,3,0
3000042,"Z",100,1000055,1000121,8,4,0
3000042,"Z",100,1000055,1000122,9,5,0
3000042,"Z",100,1000055,1000123,10,6,0
3000042,"Z",7,1000056,1000124,11,1,7
3000043,"Z",1000,1000057,1000125,1,1,0
3000043,"Z",6,1000058,1000126,2,1,6
3000044,"Z",100,1000059,1000127,1,1,0
3000044,"Z",100,1000059,1000128,2,2,0
3000044,"Z",100,1000059,1000129,3,3,0
3000044,"Z",100,1000059,1000130,4,4,0
3000044,"Z",100,1000059,1000131,5,5,0
3000044,"Z",100,1000059,1000132,6,6,0
3000044,"Z",4,1000060,1000133,7,1,4
3000045,"Z",100,1000061,1000134,1,1,0
3000045,"Z",100,1000061,1000135,2,2,0
3000045,"Z",100,1000061,1000136,3,3,0
3000045,"Z",100,1000061,1000137,4,4,0
3000045,"Z",100,1000061,1000138,5,5,0
3000045,"Z",100,1000061,1000139,6,6,0
3000045,"Z",100,1000061,1000140,7,7,0
3000045,"Z",10,1000062,1000141,8,1,0
3000045,"Z",10,1000062,1000142,9,2,0
3000045,"Z",10,1000062,1000143,10,3,0
3000045,"Z",10,1000062,1000144,11,4,0
3000045,"Z",10,1000062,1000145,12,5,0
3000045,"Z",10,1000062,1000146,13,6,0
3000045,"Z",1,1000063,1000147,14,1,0
3000046,"Z",10,1000064,1000148,1,1,0
3000046,"Z",10,1000064,1000149,2,2,0
3000046,"Z",7,1000065,1000150,3,1,7
3000047,"Z",10,1000066,1000151,1,1,0
3000047,"Z",10,1000066,1000152,2,2,0
3000047,"Z",10,1000066,1000153,3,3,0
3000047,"Z",10,1000066,1000154,4,4,0
3000047,"Z",10,1000066,1000155,5,5,0
3000047,"Z",10,1000066,1000156,6,6,0
3000047,"Z",9,1000067,1000157,7,1,9
3000048,"Z",1000,1000068,1000158,1,1,0
3000048,"Z",1000,1000068,1000159,2,2,0
3000048,"Z",1000,1000068,1000160,3,3,0
3000048,"Z",100,1000069,1000161,4,1,0
3000048,"Z",100,1000069,1000162,5,2,0
3000048,"Z",100,1000069,1000163,6,3,0
3000048,"Z",100,1000069,1000164,7,4,0
3000048,"Z",100,1000069,1000165,8,5,0
3000048,"Z",100,1000069,1000166,9,6,0
3000048,"Z",100,1000069,1000167,10,7,0
3000048,"Z",100,1000069,1000168,11,8,0
3000048,"Z",100,1000069,1000169,12,9,0
3000048,"Z",8,1000070,1000170,13,1,8
3000049,"Z",2,1000071,1000171,1,1,2
3000049,"Z",1,1000072,1000172,2,1,0
3000050,"Z",100,1000073,1000173,1,1,0
3000050,"Z",100,1000073,1000174,2,2,0
3000050,"U",7,1000074,1000175,3,1,7
3000051,"Z",10,1000075,1000176,1,1,0
3000051,"Z",10,1000075,1000177,2,2,0
3000051,"Z",10,1000075,1000178,3,3,0
3000052,"Z",3,1000076,1000179,1,1,3
3000053,"U",1,1000077,1000180,1,1,0
3000053,"U",1,1000077,1000181,2,2,0
3000056,"Z",1000,1000078,1000182,1,1,0
3000056,"Z",1000,1000078,1000183,2,2,0
3000056,"Z",1000,1000078,1000184,3,3,0
3000056,"Z",1000,1000078,1000185,4,4,0
3000056,"Z",10,1000079,1000186,5,1,0
3000056,"Z",10,1000079,1000187,6,2,0
3000056,"Z",3,1000080,1000188,7,1,3
3000057,"Z",100,1000081,1000189,1,1,0
3000057,"Z",100,1000081,1000190,2,2,0
3000057,"Z",10,1000082,1000191,3,1,0
3000057,"Z",3,1000083,1000192,4,1,3
3000058,"Z",100,1000084,1000193,1,1,0
3000058,"Z",10,1000085,1000194,2,1,0
3000058,"Z",7,1000086,1000195,3,1,7
3000059,"Z",10,1000087,1000196,1,1,0
3000059,"Z",10,1000087,1000197,2,2,0
3000059,"Z",10,1000087,1000198,3,3,0
3000059,"Z",10,1000087,1000199,4,4,0
3000059,"Z",10,1000087,1000200,5,5,0
3000059,"Z",10,1000087,1000201,6,6,0
3000059,"Z",10,1000087,1000202,7,7,0
3000059,"Z",5,1000088,1000203,8,1,5
3000060,"Z",100,1000089,1000204,1,1,0
3000061,"Z",10,1000090,1000205,1,1,0
3000062,"Z",10,1000091,1000206,1,1,0
3000062,"Z",10,1000091,1000207,2,2,0
3000063,"Z",1000,1000092,1000208,1,1,0
3000063,"Z",1000,1000092,1000209,2,2,0
3000063,"Z",1000,1000092,1000210,3,3,0
3000063,"Z",1000,1000092,1000211,4,4,0
3000063,"Z",10,1000093,1000212,5,1,0
3000063,"Z",10,1000093,1000213,6,2,0
3000063,"Z",10,1000093,1000214,7,3,0
3000063,"Z",10,1000093,1000215,8,4,0
3000063,"Z",10,1000093,1000216,9,5,0
3000063,"Z",10,1000093,1000217,10,6,0
3000063,"Z",10,1000093,1000218,11,7,0
3000063,"Z",10,1000093,1000219,12,8,0
3000063,"S",1,1000094,1000220,13,1,0
3000064,"Z",1000,1000095,1000221,1,1,0
3000064,"Z",1000,1000095,1000222,2,2,0
3000064,"Z",10,1000096,1000223,3,1,0
3000064,"Z",10,1000096,1000224,4,2,0
3000064,"Z",10,1000096,1000225,5,3,0
3000064,"Z",10,1000096,1000226,6,4,0
3000064,"Z",9,1000097,1000227,7,1,9
3000065,"Z",1000,1000098,1000228,1,1,0
3000065,"Z",10,1000099,1000229,2,1,0
3000065,"Z",10,1000099,1000230,3,2,0
3000065,"Z",10,1000099,1000231,4,3,0
3000065,"Z",6,1000100,1000232,5,1,6
3000066,"Z",10,1000101,1000233,1,1,0
3000066,"Z",10,1000101,1000234,2,2,0
3000066,"Z",10,1000101,1000235,3,3,0
3000066,"Z",10,1000101,1000236,4,4,0
3000066,"Z",10,1000101,1000237,5,5,0
3000066,"Z",10,1000101,1000238,6,6,0
3000066,"Z",10,1000101,1000239,7,7,0
3000067,"Z",10,1000102,1000240,1,1,0
3000067,"Z",9,1000103,1000241,2,1,9
3000068,"Z",6,1000104,1000242,1,1,6
3000069,"Z",10,1000105,1000243,1,1,0
3000069,"Z",1,1000106,1000244,2,1,0
3000070,"Z",10,1000107,1000245,1,1,0
3000070,"Z",10,1000107,1000246,2,2,0
3000070,"Z",9,1000108,1000247,3,1,9
3000071,"Z",1000,1000109,1000248,1,1,0
3000071,"Z",1000,1000109,1000249,2,2,0
3000071,"Z",1000,1000109,1000250,3,3,0
3000071,"Z",1000,1000109,1000251,4,4,0
3000071,"Z",1000,1000109,1000252,5,5,0
3000071,"Z",1000,1000109,1000253,6,6,0
3000071,"Z",1000,1000109,1000254,7,7,0
3000071,"Z",1000,1000109,1000255,8,8,0
3000071,"Z",1000,1000109,1000256,9,9,0
3000071,"Z",10,1000110,1000257,10,1,0
3000071,"Z",8,1000111,1000258,11,1,8
3000072,"Z",7,1000112,1000259,1,1,7
3000073,"Z",1000,1000113,1000260,1,1,0
3000073,"Z",1000,1000113,1000261,2,2,0
3000073,"Z",1000,1000113,1000262,3,3,0
3000073,"Z",10,1000114,1000263,4,1,0
3000073,"Z",10,1000114,1000264,5,2,0
3000073,"Z",10,1000114,1000265,6,3,0
3000073,"Z",10,1000114,1000266,7,4,0
3000073,"Z",3,1000115,1000267,8,1,3
3000074,"Z",100,1000116,1000268,1,1,0
3000074,"Z",100,1000116,1000269,2,2,0
3000075,"Z",1000,1000117,1000270,1,1,0
3000075,"Z",1000,1000117,1000271,2,2,0
3000075,"Z",10,1000118,1000272,3,1,0
3000075,"Z",10,1000118,1000273,4,2,0
3000075,"Z",10,1000118,1000274,5,3,0
3000075,"Z",10,1000118,1000275,6,4,0
3000075,"Z",10,1000118,1000276,7,5,0
3000075,"Z",10,1000118,1000277,8,6,0
3000075,"Z",10,1000118,1000278,9,7,0
3000075,"Z",3,1000119,1000279,10,1,3
3000076,"Z",10,1000120,1000280,1,1,0
3000076,"Z",10,1000120,1000281,2,2,0
3000076,"Z",10,1000120,1000282,3,3,0
3000076,"Z",10,1000120,1000283,4,4,0
3000076,"Z",10,1000120,1000284,5,5,0
3000076,"Z",10,1000120,1000285,6,6,0
3000076,"Z",10,1000120,1000286,7,7,0
3000076,"Z",10,1000120,1000287,8,8,0
3000076,"Z",10,1000120,1000288,9,9,0
3000076,"Z",5,1000121,1000289,10,1,5
3000077,"Z",10,1000122,1000290,1,1,0
3000077,"Z",6,1000123,1000291,2,1,6
3000078,"Z",10,1000124,1000292,1,1,0
3000078,"Z",10,1000124,1000293,2,2,0
3000078,"Z",10,1000124,1000294,3,3,0
3000078,"S",1,1000125,1000295,4,1,0
3000079,"Z",4,1000126,1000296,1,1,4
3000080,"Z",6,1000127,1000297,1,1,6
3000081,"Z",100,1000128,1000298,1,1,0
3000081,"S",1,1000129,1000299,2,1,0
3000082,"Z",10,1000130,1000300,1,1,0
3000082,"Z",3,1000131,1000301,2,1,3
3000082,"Z",7,1000132,1000302,3,1,7
3000085,"Z",10,1000133,1000303,1,1,0
3000085,"Z",10,1000133,1000304,2,2,0
3000085,"Z",5,1000134,1000305,3,1,5
3000086,"Z",10,1000135,1000306,1,1,0
3000086,"Z",10,1000135,1000307,2,2,0
3000086,"Z",6,1000136,1000308,3,1,6
3000087,"Z",10,1000137,1000309,1,1,0
3000087,"Z",10,1000137,1000310,2,2,0
3000087,"Z",4,1000138,1000311,3,1,4
3000089,"Z",1000,1000139,1000312,1,1,0
3000089,"Z",10,1000140,1000313,2,1,0
3000089,"Z",4,1000141,1000314,3,1,4
3000091,"S",1,1000142,1000315,1,1,0
3000093,"Z",3,1000143,1000316,1,1,3
3000094,"Z",10,1000144,1000317,1,1,0
3000094,"Z",10,1000144,1000318,2,2,0
3000094,"Z",10,1000144,1000319,3,3,0
3000094,"Z",4,1000145,1000320,4,1,4
3000095,"Z",10,1000146,1000321,1,1,0
3000095,"Z",10,1000146,1000322,2,2,0
3000095,"Z",2,1000147,1000323,3,1,2
3000097,"Z",10,1000148,1000324,1,1,0
3000097,"Z",10,1000148,1000325,2,2,0
3000097,"Z",8,1000149,1000326,3,1,8
3000098,"Z",10,1000150,1000327,1,1,0
3000098,"Z",10,1000150,1000328,2,2,0
3000098,"Z",10,1000150,1000329,3,3,0
3000098,"Z",2,1000151,1000330,4,1,2
3000099,"Z",5,1000152,1000331,1,1,5
3000100,"Z",3,1000153,1000332,1,1,3
3000101,"Z",10,1000154,1000333,1,1,0
3000101,"Z",10,1000154,1000334,2,2,0
3000101,"Z",8,1000155,1000335,3,1,8
3000102,"Z",7,1000156,1000336,1,1,7
3000103,"Z",10,1000157,1000337,1,1,0
3000103,"Z",1,1000158,1000338,2,1,0
3000104,"Z",2,1000159,1000339,1,1,2
3000105,"Z",2,1000160,1000340,1,1,2
3000106,"Z",10,1000161,1000341,1,1,0
3000106,"Z",1,1000162,1000342,2,1,0
3000107,"Z",9,1000163,1000343,1,1,9
3000108,"Z",4,1000164,1000344,1,1,4
3000109,"Z",10,1000165,1000345,1,1,0
3000109,"Z",2,1000166,1000346,2,1,2
3000110,"Z",2,1000167,1000347,1,1,2
3000111,"Z",10,1000168,1000348,1,1,0
3000111,"Z",4,1000169,1000349,2,1,4
3000112,"Z",4,1000170,1000350,1,1,4
3000113,"Z",3,1000171,1000351,1,1,3
3000114,"S",1,1000172,1000352,1,1,0
3000115,"Z",10,1000173,1000353,1,1,0
3000116,"Z",3,1000174,1000354,1,1,3
3000117,"Z",2,1000175,1000355,1,1,2
3000118,"Z",2,1000176,1000356,1,1,2
3000120,"Z",2,1000177,1000357,1,1,2
3000121,"Z",10,1000178,1000358,1,1,0
3000121,"S",1,1000179,1000359,2,1,0
3000121,"Z",4,1000180,1000360,3,1,4
3000122,"Z",10,1000181,1000361,1,1,0
3000122,"Z",10,1000181,1000362,2,2,0
3000122,"S",1,1000182,1000363,3,1,0
3000123,"Z",10,1000183,1000364,1,1,0
3000123,"Z",10,1000183,1000365,2,2,0
3000123,"Z",10,1000183,1000366,3,3,0
3000123,"Z",10,1000183,1000367,4,4,0
3000123,"Z",10,1000183,1000368,5,5,0
3000123,"Z",10,1000183,1000369,6,6,0
3000124,"Z",10,1000184,1000370,1,1,0
3000125,"Z",10,1000185,1000371,1,1,0
3000125,"Z",10,1000185,1000372,2,2,0
3000126,"Z",10,1000186,1000373,1,1,0
3000126,"Z",6,1000187,1000374,2,1,6
3000127,"Z",10,1000188,1000375,1,1,0
3000127,"Z",9,1000189,1000376,2,1,9
3000128,"Z",10,1000190,1000377,1,1,0
3000128,"Z",10,1000190,1000378,2,2,0
3000128,"Z",5,1000191,1000379,3,1,5
3000129,"Z",10,1000192,1000380,1,1,0
3000129,"Z",1,1000193,1000381,2,1,0
3000130,"Z",10,1000194,1000382,1,1,0
3000130,"Z",6,1000195,1000383,2,1,6
3000131,"Z",10,1000196,1000384,1,1,0
3000131,"Z",1,1000197,1000385,2,1,0
3000132,"Z",10,1000198,1000386,1,1,0
3000132,"Z",6,1000199,1000387,2,1,6
3000132,"Z",1,1000200,1000388,3,1,0
3000133,"Z",100,1000201,1000389,1,1,0
3000133,"Z",10,1000202,1000390,2,1,0
3000133,"Z",1,1000203,1000391,3,1,0
3000134,"Z",8,1000204,1000392,1,1,8
3000135,"Z",10,1000205,1000393,1,1,0
3000135,"Z",10,1000205,1000394,2,2,0
3000137,"Z",10,1000206,1000395,1,1,0
3000137,"Z",10,1000206,1000396,2,2,0
3000137,"Z",7,1000207,1000397,3,1,7
3000138,"Z",10,1000208,1000398,1,1,0
3000138,"Z",10,1000208,1000399,2,2,0
3000138,"Z",10,1000208,1000400,3,3,0
3000138,"Z",10,1000208,1000401,4,4,0
3000139,"Z",8,1000209,1000402,1,1,8
3000141,"Z",10,1000210,1000403,1,1,0
3000141,"Z",4,1000211,1000404,2,1,4
3000142,"Z",10,1000212,1000405,1,1,0
3000142,"Z",6,1000213,1000406,2,1,6
3000143,"Z",10,1000214,1000407,1,1,0
3000143,"Z",10,1000214,1000408,2,2,0
3000143,"Z",4,1000215,1000409,3,1,4
3000144,"Z",10,1000216,1000410,1,1,0
3000144,"Z",7,1000217,1000411,2,1,7
3000145,"Z",10,1000218,1000412,1,1,0
3000145,"Z",5,1000219,1000413,2,1,5
3000146,"Z",10,1000220,1000414,1,1,0
3000146,"S",1,1000221,1000415,2,1,0
3000147,"Z",10,1000222,1000416,1,1,0
3000147,"Z",6,1000223,1000417,2,1,6
3000149,"Z",2,1000224,1000418,1,1,2
3000150,"Z",10,1000225,1000419,1,1,0
3000150,"Z",10,1000225,1000420,2,2,0
3000150,"Z",10,1000225,1000421,3,3,0
3000150,"Z",10,1000225,1000422,4,4,0
3000150,"Z",10,1000225,1000423,5,5,0
3000150,"Z",10,1000225,1000424,6,6,0
3000150,"Z",10,1000225,1000425,7,7,0
3000150,"Z",1,1000226,1000426,8,1,0
3000151,"Z",8,1000227,1000427,1,1,8
3000153,"Z",10,1000228,1000428,1,1,0
3000153,"Z",10,1000228,1000429,2,2,0
3000153,"Z",4,1000229,1000430,3,1,4
3000154,"Z",2,1000230,1000431,1,1,2
3000156,"Z",5,1000231,1000432,1,1,5
3000157,"Z",7,1000232,1000433,1,1,7
3000158,"Z",3,1000233,1000434,1,1,3
3000159,"Z",10,1000234,1000435,1,1,0
3000159,"Z",2,1000235,1000436,2,1,2
3000160,"Z",10,1000236,1000437,1,1,0
3000160,"S",1,1000237,1000438,2,1,0
3000161,"Z",9,1000238,1000439,1,1,9
3000162,"Z",10,1000239,1000440,1,1,0
3000162,"Z",2,1000240,1000441,2,1,2
3000163,"Z",6,1000241,1000442,1,1,6
3000164,"Z",8,1000242,1000443,1,1,8
3000165,"Z",10,1000243,1000444,1,1,0
3000165,"Z",3,1000244,1000445,2,1,3
3000166,"Z",100,1000245,1000446,1,1,0
3000166,"Z",10,1000246,1000447,2,1,0
3000166,"Z",10,1000246,1000448,3,2,0
3000166,"Z",10,1000246,1000449,4,3,0
3000166,"Z",10,1000246,1000450,5,4,0
3000166,"Z",2,1000247,1000451,6,1,2
3000167,"Z",10,1000248,1000452,1,1,0
3000167,"Z",10,1000248,1000453,2,2,0
3000169,"Z",10,1000249,1000454,1,1,0
3000169,"Z",2,1000250,1000455,2,1,2
3000170,"Z",3,1000251,1000456,1,1,3
3000171,"Z",8,1000252,1000457,1,1,8
3000172,"Z",10,1000253,1000458,1,1,0
3000172,"Z",10,1000253,1000459,2,2,0
3000172,"Z",10,1000253,1000460,3,3,0
3000172,"Z",10,1000253,1000461,4,4,0
3000172,"Z",10,1000253,1000462,5,5,0
3000172,"Z",3,1000254,1000463,6,1,3
3000173,"Z",10,1000255,1000464,1,1,0
3000173,"Z",10,1000255,1000465,2,2,0
3000173,"Z",10,1000255,1000466,3,3,0
3000173,"Z",10,1000255,1000467,4,4,0
3000173,"Z",5,1000256,1000468,5,1,5
3000175,"Z",10,1000257,1000469,1,1,0
3000175,"S",1,1000258,1000470,2,1,0
3000176,"Z",10,1000259,1000471,1,1,0
3000176,"Z",10,1000259,1000472,2,2,0
3000176,"Z",2,1000260,1000473,3,1,2
3000177,"Z",10,1000261,1000474,1,1,0
3000177,"Z",10,1000261,1000475,2,2,0
3000177,"S",1,1000262,1000476,3,1,0
3000178,"Z",10,1000263,1000477,1,1,0
3000178,"Z",10,1000263,1000478,2,2,0
3000178,"Z",8,1000264,1000479,3,1,8
3000179,"Z",10,1000265,1000480,1,1,0
3000179,"Z",8,1000266,1000481,2,1,8
3000180,"Z",10,1000267,1000482,1,1,0
3000180,"Z",10,1000267,1000483,2,2,0
3000180,"Z",6,1000268,1000484,3,1,6
3000181,"Z",10,1000269,1000485,1,1,0
3000181,"Z",10,1000269,1000486,2,2,0
3000181,"Z",4,1000270,1000487,3,1,4
3000182,"S",100,1000271,1000488,1,1,0
3000182,"Z",10,1000272,1000489,2,1,0
3000182,"Z",2,1000273,1000490,3,1,2
3000183,"Z",2,1000274,1000491,1,1,2
3000184,"Z",10,1000275,1000492,1,1,0
3000184,"Z",10,1000275,1000493,2,2,0
3000184,"Z",10,1000275,1000494,3,3,0
3000184,"Z",10,1000275,1000495,4,4,0
3000185,"Z",10,1000276,1000496,1,1,0
3000185,"Z",10,1000276,1000497,2,2,0
3000185,"Z",10,1000276,1000498,3,3,0
3000185,"Z",10,1000276,1000499,4,4,0
3000185,"Z",8,1000277,1000500,5,1,8
3000186,"Z",6,1000278,1000501,1,1,6
3000187,"Z",6,1000279,1000502,1,1,6
3000188,"Z",5,1000280,1000503,1,1,5
3000189,"Z",5,1000281,1000504,1,1,5
3000190,"Z",10,1000282,1000505,1,1,0
3000190,"Z",10,1000282,1000506,2,2,0
3000190,"Z",2,1000283,1000507,3,1,2
3000191,"Z",10,1000284,1000508,1,1,0
3000192,"Z",10,1000285,1000509,1,1,0
3000192,"Z",2,1000286,1000510,2,1,2
3000193,"Z",10,1000287,1000511,1,1,0
3000193,"Z",10,1000287,1000512,2,2,0
3000193,"Z",5,1000288,1000513,3,1,5
3000194,"Z",10,1000289,1000514,1,1,0
3000194,"Z",6,1000290,1000515,2,1,6
3000195,"Z",10,1000291,1000516,1,1,0
3000195,"Z",5,1000292,1000517,2,1,5
3000196,"Z",10,1000293,1000518,1,1,0
3000196,"Z",10,1000293,1000519,2,2,0
3000196,"Z",3,1000294,1000520,3,1,3
3000197,"Z",100,1000295,1000521,1,1,0
3000197,"Z",6,1000296,1000522,2,1,6
3000199,"S",1,1000297,1000523,1,1,0
3000201,"Z",10,1000298,1000524,1,1,0
3000201,"Z",3,1000299,1000525,2,1,3
3000202,"Z",3,1000300,1000526,1,1,3
3000203,"Z",10,1000301,1000527,1,1,0
3000203,"Z",10,1000301,1000528,2,2,0
3000203,"Z",10,1000301,1000529,3,3,0
3000203,"Z",2,1000302,1000530,4,1,2
3000204,"Z",10,1000303,1000531,1,1,0
3000204,"Z",10,1000303,1000533,2,2,0
3000204,"Z",10,1000303,1000534,3,3,0
3000204,"Z",10,1000303,1000535,4,4,0
3000204,"S",1,1000304,1000536,5,1,0
3000205,"Z",4,1000305,1000537,1,1,4
3000208,"Z",10,1000306,1000538,1,1,0
3000208,"Z",2,1000307,1000539,2,1,2
3000209,"Z",10,1000308,1000540,1,1,0
3000211,"Z",9,1000309,1000541,1,1,9
3000212,"Z",10,1000310,1000542,1,1,0
3000212,"Z",2,1000311,1000543,2,1,2
3000213,"Z",10,1000312,1000544,1,1,0
3000213,"Z",10,1000312,1000545,2,2,0
3000213,"Z",2,1000313,1000546,3,1,2
3000214,"Z",100,1000314,1000547,1,1,0
3000214,"Z",10,1000315,1000548,2,1,0
3000214,"Z",10,1000315,1000549,3,2,0
3000214,"Z",5,1000316,1000550,4,1,5
3000215,"Z",6,1000317,1000551,1,1,6
3000216,"Z",10,1000318,1000552,1,1,0
3000216,"Z",10,1000318,1000553,2,2,0
3000216,"Z",2,1000319,1000554,3,1,2
3000217,"Z",10,1000320,1000555,1,1,0
3000217,"Z",10,1000320,1000556,2,2,0
3000217,"Z",8,1000321,1000557,3,1,8
3000218,"Z",10,1000322,1000558,1,1,0
3000218,"Z",10,1000322,1000559,2,2,0
3000218,"Z",10,1000322,1000560,3,3,0
3000218,"Z",4,1000323,1000561,4,1,4
3000220,"Z",3,1000324,1000562,1,1,3
3000221,"Z",3,1000325,1000563,1,1,3
3000222,"Z",8,1000326,1000564,1,1,8
3000223,"Z",2,1000327,1000565,1,1,2
3000224,"Z",7,1000328,1000566,1,1,7
3000225,"Z",10,1000329,1000567,1,1,0
3000225,"Z",2,1000330,1000568,2,1,2
3000226,"Z",10,1000331,1000569,1,1,0
3000226,"Z",10,1000331,1000570,2,2,0
3000227,"Z",10,1000332,1000571,1,1,0
3000227,"Z",2,1000333,1000572,2,1,2
3000228,"Z",10,1000334,1000573,1,1,0
3000228,"Z",6,1000335,1000574,2,1,6
3000229,"Z",10,1000336,1000575,1,1,0
3000229,"Z",10,1000336,1000576,2,2,0
3000229,"Z",5,1000337,1000577,3,1,5
3000230,"Z",100,1000338,1000578,1,1,0
3000230,"Z",10,1000339,1000579,2,1,0
3000230,"Z",10,1000339,1000580,3,2,0
3000230,"Z",10,1000339,1000581,4,3,0
3000230,"Z",10,1000339,1000582,5,4,0
3000230,"Z",10,1000339,1000583,6,5,0
3000230,"Z",3,1000340,1000584,7,1,3
3000231,"Z",10,1000341,1000585,1,1,0
3000231,"Z",3,1000342,1000586,2,1,3
3000232,"Z",10,1000343,1000587,1,1,0
3000232,"Z",10,1000343,1000588,2,2,0
3000232,"Z",2,1000344,1000589,3,1,2
3000233,"Z",2,1000345,1000590,1,1,2
3000234,"Z",2,1000346,1000591,1,1,2
3000235,"Z",10,1000347,1000592,1,1,0
3000235,"Z",6,1000348,1000593,2,1,6
3000236,"Z",10,1000349,1000594,1,1,0
3000236,"Z",10,1000349,1000595,2,2,0
3000236,"Z",10,1000349,1000596,3,3,0
3000236,"Z",10,1000349,1000597,4,4,0
3000236,"Z",10,1000349,1000598,5,5,0
3000236,"Z",10,1000349,1000599,6,6,0
3000236,"Z",4,1000350,1000600,7,1,4
3000237,"Z",10,1000351,1000601,1,1,0
3000237,"Z",2,1000352,1000602,2,1,2
3000238,"Z",10,1000353,1000603,1,1,0
3000238,"Z",7,1000354,1000604,2,1,7
3000239,"S",1,1000355,1000605,1,1,0
3000240,"Z",2,1000356,1000606,1,1,2
3000241,"Z",10,1000357,1000607,1,1,0
3000242,"Z",10,1000358,1000608,1,1,0
3000242,"Z",10,1000358,1000609,2,2,0
3000242,"S",1,1000359,1000610,3,1,0
3000243,"Z",10,1000360,1000611,1,1,0
3000243,"Z",5,1000361,1000612,2,1,5
3000244,"Z",10,1000362,1000613,1,1,0
3000244,"Z",10,1000362,1000614,2,2,0
3000244,"Z",8,1000363,1000615,3,1,8
3000245,"Z",10,1000364,1000616,1,1,0
3000245,"Z",5,1000365,1000617,2,1,5
3000246,"Z",10,1000366,1000618,1,1,0
3000246,"Z",6,1000367,1000619,2,1,6
3000247,"Z",10,1000368,1000620,1,1,0
3000247,"Z",10,1000368,1000621,2,2,0
3000247,"Z",10,1000368,1000622,3,3,0
3000247,"S",1,1000369,1000623,4,1,0
3000248,"Z",10,1000370,1000624,1,1,0
3000248,"Z",10,1000370,1000625,2,2,0
3000248,"Z",10,1000370,1000626,3,3,0
3000248,"Z",10,1000370,1000627,4,4,0
3000248,"Z",10,1000370,1000628,5,5,0
3000248,"Z",10,1000370,1000629,6,6,0
3000248,"Z",10,1000370,1000630,7,7,0
3000248,"Z",10,1000370,1000631,8,8,0
3000248,"Z",10,1000370,1000632,9,9,0
3000248,"Z",2,1000371,1000633,10,1,2
3000250,"Z",10,1000372,1000634,1,1,0
3000251,"Z",7,1000373,1000635,1,1,7
3000252,"Z",3,1000374,1000636,1,1,3
3000253,"Z",10,1000375,1000637,1,1,0
3000253,"Z",6,1000376,1000638,2,1,6
3000254,"Z",8,1000377,1000639,1,1,8
3000255,"Z",1,1000378,1000640,1,1,0
3000256,"Z",1,1000379,1000641,1,1,0
3000257,"Z",1,1000380,1000642,1,1,0
3000258,"Z",5,1000381,1000643,1,1,5
3000259,"S",1,1000382,1000644,1,1,0
3000260,"Z",4,1000383,1000645,1,1,4
3000262,"Z",4,1000384,1000646,1,1,4
3000263,"Z",2,1000385,1000647,1,1,2
3000264,"Z",4,1000386,1000648,1,1,4
3000265,"Z",6,1000387,1000649,1,1,6
3000266,"Z",2,1000388,1000650,1,1,2
3000267,"Z",2,1000389,1000651,1,1,2
3000268,"Z",10,1000390,1000652,1,1,0
3000268,"Z",8,1000391,1000653,2,1,8
3000268,"Z",2,1000392,1000654,3,1,2
3000269,"Z",10,1000393,1000655,1,1,0
3000269,"Z",4,1000394,1000656,2,1,4
3000269,"Z",1,1000395,1000657,3,1,0
3000270,"Z",10,1000396,1000658,1,1,0
3000270,"Z",3,1000397,1000659,2,1,3
3000270,"Z",1,1000398,1000660,3,1,0
3000271,"Z",7,1000399,1000661,1,1,7
3000271,"Z",1,1000400,1000662,2,1,0
3000272,"Z",10,1000401,1000663,1,1,0
3000272,"Z",6,1000402,1000664,2,1,6
3000272,"Z",1,1000403,1000665,3,1,0
3000273,"Z",10,1000404,1000666,1,1,0
3000273,"Z",6,1000405,1000667,2,1,6
3000274,"Z",10,1000406,1000668,1,1,0
3000274,"Z",5,1000407,1000669,2,1,5
3000274,"Z",1,1000408,1000670,3,1,0
3000275,"Z",3,1000409,1000671,1,1,3
3000276,"Z",3,1000410,1000672,1,1,3
3000276,"Z",5,1000411,1000673,2,1,5
3000276,"Z",5,1000412,1000674,3,1,5
3000276,"Z",5,1000413,1000675,4,1,5
3000277,"Z",3,1000414,1000676,1,1,3
3000277,"Z",3,1000415,1000677,2,1,3
3000277,"Z",3,1000416,1000678,3,1,3
3000277,"Z",5,1000417,1000679,4,1,5
3000278,"Z",3,1000418,1000680,1,1,3
3000278,"Z",2,1000419,1000681,2,1,2
3000278,"Z",3,1000420,1000682,3,1,3
3000278,"Z",5,1000421,1000683,4,1,5
3000279,"Z",2,1000422,1000684,1,1,2
3000279,"Z",1,1000423,1000685,2,1,0
3000279,"Z",1,1000424,1000686,3,1,0
3000279,"Z",3,1000425,1000687,4,1,3
3000280,"Z",3,1000426,1000688,1,1,3
3000280,"Z",3,1000427,1000689,2,1,3
3000280,"Z",4,1000428,1000690,3,1,4
3000280,"Z",6,1000429,1000691,4,1,6
3000281,"Z",3,1000430,1000692,1,1,3
3000281,"Z",3,1000431,1000693,2,1,3
3000281,"Z",4,1000432,1000694,3,1,4
3000281,"Z",6,1000433,1000695,4,1,6
3000282,"Z",3,1000434,1000696,1,1,3
3000282,"Z",3,1000435,1000697,2,1,3
3000282,"Z",4,1000436,1000698,3,1,4
3000282,"Z",5,1000437,1000699,4,1,5
3000283,"Z",3,1000438,1000700,1,1,3
3000286,"Z",100,1000439,1000701,1,1,0
3000286,"Z",10,1000440,1000702,2,1,0
3000286,"Z",10,1000440,1000703,3,2,0
3000286,"Z",10,1000440,1000704,4,3,0
3000286,"Z",5,1000441,1000705,5,1,5
3000287,"Z",9,1000442,1000706,1,1,9
3000288,"Z",100,1000443,1000707,1,1,0
3000288,"Z",7,1000444,1000708,2,1,7
3000289,"Z",10,1000445,1000709,1,1,0
3000289,"Z",10,1000445,1000710,2,2,0
3000289,"Z",10,1000445,1000711,3,3,0
3000289,"Z",10,1000445,1000712,4,4,0
3000289,"Z",10,1000445,1000713,5,5,0
3000289,"Z",10,1000445,1000714,6,6,0
3000289,"Z",7,1000446,1000715,7,1,7
3000290,"Z",10,1000447,1000716,1,1,0
3000290,"Z",10,1000447,1000717,2,2,0
3000290,"Z",10,1000447,1000718,3,3,0
3000290,"Z",10,1000447,1000719,4,4,0
3000290,"Z",10,1000447,1000720,5,5,0
3000290,"Z",10,1000447,1000721,6,6,0
3000290,"Z",8,1000448,1000722,7,1,8
3000291,"Z",10,1000449,1000723,1,1,0
3000291,"Z",10,1000449,1000724,2,2,0
3000291,"Z",10,1000449,1000725,3,3,0
3000291,"Z",10,1000449,1000726,4,4,0
3000291,"Z",8,1000450,1000727,5,1,8
3000292,"Z",10,1000451,1000728,1,1,0
3000292,"Z",10,1000451,1000729,2,2,0
3000292,"Z",1,1000452,1000730,3,1,0
3000293,"Z",10,1000453,1000731,1,1,0
3000293,"Z",10,1000453,1000732,2,2,0
3000293,"Z",10,1000453,1000733,3,3,0
3000293,"Z",10,1000453,1000734,4,4,0
3000293,"Z",10,1000453,1000735,5,5,0
3000293,"Z",10,1000453,1000736,6,6,0
3000293,"Z",10,1000453,1000737,7,7,0
3000293,"Z",10,1000453,1000738,8,8,0
3000293,"Z",6,1000454,1000739,9,1,6
3000294,"Z",10,1000455,1000740,1,1,0
3000294,"Z",10,1000455,1000741,2,2,0
3000294,"Z",10,1000455,1000742,3,3,0
3000294,"Z",10,1000455,1000743,4,4,0
3000294,"Z",10,1000455,1000744,5,5,0
3000294,"Z",10,1000455,1000745,6,6,0
3000295,"Z",10,1000456,1000746,1,1,0
3000295,"Z",10,1000456,1000747,2,2,0
3000295,"Z",10,1000456,1000748,3,3,0
3000295,"Z",10,1000456,1000749,4,4,0
3000295,"Z",10,1000456,1000750,5,5,0
3000295,"Z",2,1000457,1000751,6,1,2
3000296,"Z",100,1000458,1000752,1,1,0
3000296,"Z",10,1000459,1000753,2,1,0
3000296,"Z",10,1000459,1000754,3,2,0
3000296,"Z",10,1000459,1000755,4,3,0
3000296,"Z",4,1000460,1000756,5,1,4
3000297,"Z",8,1000461,1000757,1,1,8
3000298,"Z",10,1000462,1000758,1,1,0
3000298,"Z",10,1000462,1000759,2,2,0
3000298,"Z",10,1000462,1000760,3,3,0
3000298,"Z",10,1000462,1000761,4,4,0
3000298,"Z",10,1000462,1000762,5,5,0
3000298,"Z",10,1000462,1000763,6,6,0
3000298,"Z",10,1000462,1000764,7,7,0
3000298,"Z",1,1000463,1000765,8,1,0
3000299,"Z",4,1000464,1000766,1,1,4
3000300,"Z",10,1000465,1000767,1,1,0
3000300,"S",10,1000465,1000768,2,2,0
3000300,"S",10,1000465,1000769,3,3,0
3000300,"Z",9,1000466,1000770,4,1,9
3000301,"Z",10,1000467,1000771,1,1,0
3000301,"Z",10,1000467,1000772,2,2,0
3000301,"Z",10,1000467,1000773,3,3,0
3000301,"Z",10,1000467,1000774,4,4,0
3000301,"Z",10,1000467,1000775,5,5,0
3000301,"Z",10,1000467,1000776,6,6,0
3000301,"Z",10,1000467,1000777,7,7,0
3000301,"Z",4,1000468,1000778,8,1,4
3000302,"Z",10,1000469,1000779,1,1,0
3000302,"Z",10,1000469,1000780,2,2,0
3000302,"Z",10,1000469,1000781,3,3,0
3000302,"Z",10,1000469,1000782,4,4,0
3000302,"Z",10,1000469,1000783,5,5,0
3000302,"Z",10,1000469,1000784,6,6,0
3000302,"Z",7,1000470,1000785,7,1,7
3000304,"Z",100,1000471,1000786,1,1,0
3000304,"Z",10,1000472,1000787,2,1,0
3000304,"Z",10,1000472,1000788,3,2,0
3000309,"Z",10,1000473,1000789,1,1,0
3000309,"Z",10,1000473,1000790,2,2,0
3000309,"Z",10,1000473,1000791,3,3,0
3000309,"Z",10,1000473,1000792,4,4,0
3000309,"Z",10,1000473,1000793,5,5,0
3000309,"Z",10,1000473,1000794,6,6,0
3000309,"Z",10,1000473,1000795,7,7,0
3000309,"Z",10,1000473,1000796,8,8,0
3000309,"Z",6,1000474,1000797,9,1,6
3000314,"Z",10,1000475,1000798,1,1,0
3000314,"Z",9,1000476,1000799,2,1,9
3000325,"Z",10,1000477,1000800,1,1,0
3000325,"Z",4,1000478,1000801,2,1,4
3000327,"Z",10,1000479,1000802,1,1,0
3000327,"Z",10,1000479,1000803,2,2,0
3000328,"Z",9,1000480,1000804,1,1,9
3000329,"Z",2,1000481,1000805,1,1,2
3000330,"S",1,1000482,1000806,1,1,0
3000334,"S",1,1000483,1000807,1,1,0
3000338,"S",1,1000484,1000808,1,1,0
3000341,"S",1,1000485,1000809,1,1,0
3000344,"Z",1,1000486,1000810,1,1,0
3000347,"S",1,1000487,1000811,1,1,0
3000348,"S",1,1000488,1000812,1,1,0
3000350,"S",1,1000489,1000813,1,1,0
3000351,"S",10,1000490,1000814,1,1,0
3000353,"S",1,1000491,1000815,1,1,0
3000353,"S",1,1000492,1000816,2,1,0
3000354,"S",1,1000493,1000817,1,1,0
3000355,"S",1,1000494,1000818,1,1,0
3000355,"S",1,1000495,1000819,2,1,0
3000356,"S",1,1000496,1000820,1,1,0
3000357,"S",1,1000497,1000821,1,1,0
3000358,"Z",2,1000498,1000822,1,1,2
3000358,"S",1,1000499,1000823,2,1,0
3000359,"Z",2,1000500,1000824,1,1,2
3000360,"Z",1,1000501,1000825,1,1,0
3000360,"Z",2,1000502,1000826,2,1,2
3000361,"Z",2,1000503,1000827,1,1,2
3000361,"S",1,1000504,1000828,2,1,0
3000362,"S",1,1000505,1000829,1,1,0
3000363,"Z",2,1000506,1000830,1,1,2
3000364,"Z",1,1000507,1000831,1,1,0
3000365,"Z",1,1000508,1000832,1,1,0
3000366,"S",1,1000509,1000833,1,1,0
3000366,"Z",2,1000510,1000834,2,1,2
3000367,"Z",2,1000511,1000835,1,1,2
3000368,"Z",2,1000512,1000836,1,1,2
3000370,"S",1,1000513,1000837,1,1,0
3000371,"S",1,1000514,1000838,1,1,0
3000373,"S",1,1000515,1000839,1,1,0
3000374,"S",1,1000516,1000840,1,1,0
3000399,"Z",3,1000517,1000841,1,1,3
3000400,"Z",2,1000518,1000842,1,1,2
3000401,"Z",3,1000519,1000843,1,1,3
3000402,"Z",3,1000520,1000844,1,1,3
3000404,"Z",2,1000521,1000845,1,1,2
3000405,"S",1,1000522,1000846,1,1,0
3000406,"Z",4,1000523,1000847,1,1,4
3000407,"Z",2,1000524,1000848,1,1,2
3000408,"Z",2,1000525,1000849,1,1,2
3000411,"S",10,1000526,1000850,1,1,0
3000411,"S",10,1000526,1000851,2,2,0
3000411,"S",10,1000526,1000852,3,3,0
3000411,"S",10,1000526,1000853,4,4,0
3000411,"S",10,1000526,1000854,5,5,0
3000411,"S",2,1000527,1000855,6,1,2
3000412,"S",100,1000528,1000856,1,1,0
3000412,"S",100,1000528,1000857,2,2,0
3000412,"S",10,1000529,1000858,3,1,0
3000412,"S",10,1000529,1000859,4,2,0
3000412,"S",10,1000529,1000860,5,3,0
3000412,"S",10,1000529,1000861,6,4,0
3000412,"S",10,1000529,1000862,7,5,0
3000412,"S",10,1000529,1000863,8,6,0
3000412,"S",10,1000529,1000864,9,7,0
3000412,"S",10,1000529,1000865,10,8,0
3000412,"S",1,1000530,1000866,11,1,0
3000413,"S",10000,1000531,1000867,1,1,0
3000413,"S",1000,1000532,1000868,2,1,0
3000413,"S",1000,1000532,1000869,3,2,0
3000413,"S",1000,1000532,1000870,4,3,0
3000413,"S",1000,1000532,1000871,5,4,0
3000413,"S",1000,1000532,1000872,6,5,0
3000413,"S",100,1000533,1000873,7,1,0
3000413,"S",100,1000533,1000874,8,2,0
3000413,"S",100,1000533,1000875,9,3,0
3000413,"S",100,1000533,1000876,10,4,0
3000413,"S",100,1000533,1000877,11,5,0
3000413,"S",100,1000533,1000878,12,6,0
3000413,"S",100,1000533,1000879,13,7,0
3000413,"S",10,1000534,1000880,14,1,0
3000413,"S",10,1000534,1000881,15,2,0
3000413,"S",10,1000534,1000882,16,3,0
3000413,"S",10,1000534,1000883,17,4,0
3000413,"S",6,1000535,1000884,18,1,6
3000414,"Z",10000,1000536,1000885,1,1,0
3000414,"Z",1000,1000537,1000886,2,1,0
3000414,"S",1000,1000537,1000887,3,2,0
3000414,"Z",1000,1000537,1000888,4,3,0
3000414,"Z",1000,1000537,1000889,5,4,0
3000414,"S",1000,1000537,1000890,6,5,0
3000414,"Z",100,1000538,1000891,7,1,0
3000414,"S",100,1000538,1000892,8,2,0
3000414,"Z",100,1000538,1000893,9,3,0
3000414,"S",100,1000538,1000894,10,4,0
3000414,"S",10,1000539,1000895,11,1,0
3000414,"S",10,1000539,1000896,12,2,0
3000414,"S",10,1000539,1000897,13,3,0
3000414,"S",10,1000539,1000898,14,4,0
3000414,"S",8,1000540,1000899,15,1,8
3000415,"S",100,1000541,1000900,1,1,0
3000415,"S",10,1000542,1000901,2,1,0
3000415,"S",10,1000542,1000902,3,2,0
3000415,"S",10,1000542,1000903,4,3,0
3000415,"S",10,1000542,1000904,5,4,0
3000415,"S",10,1000542,1000905,6,5,0
3000415,"S",7,1000543,1000906,7,1,7
3000416,"S",10,1000544,1000907,1,1,0
3000416,"S",10,1000544,1000908,2,2,0
3000416,"S",10,1000544,1000909,3,3,0
3000416,"S",10,1000544,1000910,4,4,0
3000416,"S",10,1000544,1000911,5,5,0
3000416,"S",5,1000545,1000912,6,1,5
3000417,"S",100,1000546,1000913,1,1,0
3000417,"S",100,1000546,1000914,2,2,0
3000417,"S",10,1000547,1000915,3,1,0
3000417,"S",10,1000547,1000916,4,2,0
3000417,"S",10,1000547,1000917,5,3,0
3000417,"S",10,1000547,1000918,6,4,0
3000417,"S",10,1000547,1000919,7,5,0
3000417,"S",10,1000547,1000920,8,6,0
3000417,"S",3,1000548,1000921,9,1,3
3000418,"S",10000,1000549,1000922,1,1,0
3000418,"Z",100,1000550,1000923,2,1,0
3000418,"S",100,1000550,1000924,3,2,0
3000418,"S",100,1000550,1000925,4,3,0
3000418,"S",100,1000550,1000926,5,4,0
3000418,"S",100,1000550,1000927,6,5,0
3000418,"S",100,1000550,1000928,7,6,0
3000418,"S",100,1000550,1000929,8,7,0
3000418,"S",100,1000550,1000930,9,8,0
3000418,"S",9,1000551,1000931,10,1,9
3000419,"S",10000,1000552,1000932,1,1,0
3000419,"S",1000,1000553,1000933,2,1,0
3000419,"S",10,1000554,1000934,3,1,0
3000419,"S",10,1000554,1000935,4,2,0
3000419,"S",10,1000554,1000936,5,3,0
3000419,"S",10,1000554,1000937,6,4,0
3000419,"S",10,1000554,1000938,7,5,0
3000419,"S",6,1000555,1000939,8,1,6
3000420,"S",100,1000556,1000940,1,1,0
3000420,"S",100,1000556,1000941,2,2,0
3000420,"S",10,1000557,1000942,3,1,0
3000420,"S",4,1000558,1000943,4,1,4
3000421,"S",10,1000559,1000944,1,1,0
3000421,"S",10,1000559,1000945,2,2,0
3000421,"S",10,1000559,1000946,3,3,0
3000421,"S",10,1000559,1000947,4,4,0
3000421,"S",4,1000560,1000948,5,1,4
3000422,"S",100,1000561,1000949,1,1,0
3000422,"S",100,1000561,1000950,2,2,0
3000422,"S",10,1000562,1000951,3,1,0
3000422,"S",10,1000562,1000952,4,2,0
3000422,"S",10,1000562,1000953,5,3,0
3000422,"S",10,1000562,1000954,6,4,0
3000422,"S",10,1000562,1000955,7,5,0
3000422,"S",8,1000563,1000956,8,1,8
3000423,"S",10000,1000564,1000957,1,1,0
3000423,"S",1000,1000565,1000958,2,1,0
3000423,"S",100,1000566,1000959,3,1,0
3000423,"S",100,1000566,1000960,4,2,0
3000423,"S",100,1000566,1000961,5,3,0
3000423,"S",100,1000566,1000962,6,4,0
3000423,"S",100,1000566,1000963,7,5,0
3000423,"S",10,1000567,1000964,8,1,0
3000423,"S",10,1000567,1000965,9,2,0
3000423,"S",10,1000567,1000966,10,3,0
3000423,"S",2,1000568,1000967,11,1,2
3000424,"S",1000,1000569,1000968,1,1,0
3000424,"S",1000,1000569,1000969,2,2,0
3000424,"S",1000,1000569,1000970,3,3,0
3000424,"S",1000,1000569,1000971,4,4,0
3000424,"S",1000,1000569,1000972,5,5,0
3000424,"S",1000,1000569,1000973,6,6,0
3000424,"S",1000,1000569,1000974,7,7,0
3000424,"S",1000,1000569,1000975,8,8,0
3000424,"S",1000,1000569,1000976,9,9,0
3000424,"S",100,1000570,1000977,10,1,0
3000424,"S",100,1000570,1000978,11,2,0
3000424,"S",100,1000570,1000979,12,3,0
3000424,"S",100,1000570,1000980,13,4,0
3000424,"S",100,1000570,1000981,14,5,0
3000424,"S",10,1000571,1000982,15,1,0
3000424,"S",10,1000571,1000983,16,2,0
3000424,"S",10,1000571,1000984,17,3,0
3000424,"S",10,1000571,1000985,18,4,0
3000424,"S",7,1000572,1000986,19,1,7
3000425,"S",100,1000573,1000987,1,1,0
3000425,"S",100,1000573,1000988,2,2,0
3000425,"S",10,1000574,1000989,3,1,0
3000425,"S",1,1000575,1000990,4,1,0
3000426,"S",10,1000576,1000991,1,1,0
3000426,"S",10,1000576,1000992,2,2,0
3000426,"S",10,1000576,1000993,3,3,0
3000426,"S",3,1000577,1000994,4,1,3
3000427,"S",100,1000579,1000995,1,1,0
3000427,"S",100,1000579,1000996,2,2,0
3000427,"S",10,1000580,1000997,3,1,0
3000427,"S",10,1000580,1000998,4,2,0
3000427,"S",10,1000580,1000999,5,3,0
